City_ID,City,Country,Date,Lat,Long,Max Temp,Humidity,Cloudiness,Wind Speed
0,Yellowknife,CA,2020-04-04 18:50:51,62.46,-114.35,10.4,51,20,8.05
1,Aitape,PG,2020-04-04 19:00:32,-3.14,142.35,78.69,85,40,7.99
2,Kaltasy,RU,2020-04-04 19:00:32,55.97,54.8,33.31,90,21,8.68
3,Ginir,ET,2020-04-04 18:52:19,7.13,40.7,61.97,39,98,2.01
4,Palu,ID,2020-04-04 18:50:45,-0.89,119.87,75.85,81,92,2.95
5,Hithadhoo,MV,2020-04-04 18:50:36,-0.6,73.08,83.89,75,41,10.45
6,Mataura,NZ,2020-04-04 18:50:37,-46.19,168.86,50.0,86,64,4.0
7,Qasigiannguit,GL,2020-04-04 18:56:26,68.82,-51.19,12.2,56,5,10.29
8,Atuona,PF,2020-04-04 18:50:50,-9.8,-139.03,82.31,75,100,17.87
9,Vao,NC,2020-04-04 18:50:58,-22.67,167.48,77.5,80,77,21.14
10,Bethel,US,2020-04-04 18:50:55,41.37,-73.41,60.01,50,20,5.82
11,Hobbs,US,2020-04-04 18:59:58,32.7,-103.14,55.99,35,75,6.93
12,Rikitea,PF,2020-04-04 18:50:38,-23.12,-134.97,76.55,79,26,15.84
13,Koppies,ZA,2020-04-04 19:00:33,-27.24,27.57,63.5,35,50,6.89
14,Upernavik,GL,2020-04-04 18:50:35,72.79,-56.15,16.03,79,4,11.16
15,Castro,BR,2020-04-04 18:50:35,-24.79,-50.01,74.57,28,0,4.32
16,Haimen,CN,2020-04-04 19:00:33,23.19,116.61,62.6,88,90,6.71
17,College,US,2020-04-04 18:55:42,64.86,-147.8,30.2,92,90,3.36
18,Arraial Do Cabo,BR,2020-04-04 18:50:42,-22.97,-42.03,80.6,61,1,18.34
19,Port Keats,AU,2020-04-04 18:52:58,-14.25,129.55,85.1,81,71,11.54
20,Chuy,UY,2020-04-04 18:50:53,-33.7,-53.46,72.86,47,7,2.93
21,Vila Velha,BR,2020-04-04 18:46:50,-20.33,-40.29,79.0,69,75,12.75
22,Nelson Bay,AU,2020-04-04 18:52:29,-32.72,152.15,60.01,67,0,10.29
23,Trairi,BR,2020-04-04 18:51:06,-3.28,-39.27,83.17,79,100,7.74
24,Macapa,BR,2020-04-04 19:00:10,0.04,-51.07,91.4,66,40,8.05
25,Jamestown,US,2020-04-04 18:46:36,42.1,-79.24,55.99,58,75,3.36
26,Alofi,NU,2020-04-04 18:51:23,-19.06,-169.92,73.4,94,100,1.12
27,Port Elizabeth,ZA,2020-04-04 18:50:53,-33.92,25.57,75.2,57,4,11.41
28,Coquimbo,CL,2020-04-04 18:50:54,-29.95,-71.34,64.4,72,75,8.05
29,Saint-Philippe,RE,2020-04-04 18:50:48,-21.36,55.77,77.0,78,12,12.75
30,Dalmatovo,RU,2020-04-04 19:00:35,56.26,62.94,39.65,92,100,8.48
31,Salumbar,IN,2020-04-04 19:00:35,24.13,74.05,84.58,14,4,5.91
32,Vaini,TO,2020-04-04 19:00:35,-21.2,-175.2,75.2,83,75,6.93
33,Maun,BW,2020-04-04 19:00:35,-19.98,23.42,71.6,88,81,1.12
34,Bluff,NZ,2020-04-04 18:50:52,-46.6,168.33,50.0,86,60,4.0
35,Avarua,CK,2020-04-04 18:50:40,-21.21,-159.78,78.8,88,90,13.87
36,East London,ZA,2020-04-04 18:51:05,-33.02,27.91,77.49,67,33,12.68
37,Ushuaia,AR,2020-04-04 18:48:59,-54.8,-68.3,48.2,81,75,17.22
38,Bredasdorp,ZA,2020-04-04 18:51:02,-34.53,20.04,66.2,77,100,9.17
39,Juventino Rosas,MX,2020-04-04 19:00:36,20.65,-101.0,82.0,29,5,6.82
40,Torbay,CA,2020-04-04 18:51:27,47.67,-52.73,34.0,86,90,13.87
41,Hermanus,ZA,2020-04-04 19:00:36,-34.42,19.23,66.0,92,96,1.01
42,Faanui,PF,2020-04-04 18:51:39,-16.48,-151.75,83.01,74,15,7.96
43,Tiksi,RU,2020-04-04 18:50:44,71.69,128.87,19.09,94,100,13.4
44,Punta Arenas,CL,2020-04-04 18:56:26,-53.15,-70.92,44.6,81,75,28.86
45,Sterling,US,2020-04-04 19:00:36,39.01,-77.43,60.01,58,75,8.05
46,Filadelfia,US,2020-04-04 18:56:11,39.95,-75.16,57.0,66,90,5.82
47,Uvat,RU,2020-04-04 19:00:37,59.14,68.9,36.86,87,100,12.55
48,Albany,US,2020-04-04 18:46:32,42.6,-73.97,61.0,44,75,2.64
49,Waingapu,ID,2020-04-04 19:00:37,-9.66,120.26,79.18,78,0,2.68
50,Matara,LK,2020-04-04 18:55:53,5.95,80.54,78.82,84,98,4.0
51,Hobart,AU,2020-04-04 18:50:27,-42.88,147.33,44.6,65,56,10.29
52,Busselton,AU,2020-04-04 19:00:37,-33.65,115.33,63.0,34,91,14.54
53,Seydi,TM,2020-04-04 19:00:38,39.48,62.91,67.17,48,89,14.79
54,Pangody,RU,2020-04-04 19:00:38,65.85,74.49,34.05,88,71,22.28
55,Hasaki,JP,2020-04-04 19:00:38,35.73,140.83,57.2,76,75,4.7
56,Bartica,GY,2020-04-04 19:00:38,6.4,-58.62,87.8,66,75,13.87
57,Mitsamiouli,KM,2020-04-04 18:51:15,-11.38,43.28,84.22,70,1,8.7
58,Toamasina,MG,2020-04-04 18:58:13,-18.17,49.38,73.4,94,75,4.7
59,Sitka,US,2020-04-04 18:51:04,57.05,-135.33,35.6,74,20,3.36
60,Santa Maria Do Suacui,BR,2020-04-04 19:00:38,-18.19,-42.41,82.13,69,47,2.42
61,Gwadar,PK,2020-04-04 19:00:37,25.12,62.33,79.09,60,0,15.03
62,Saint George,US,2020-04-04 18:51:20,37.1,-113.58,68.0,35,1,4.54
63,Alice Springs,AU,2020-04-04 18:50:40,-23.7,133.88,53.6,62,34,3.36
64,Badiraguato,MX,2020-04-04 19:00:39,25.37,-107.52,86.0,32,90,4.7
65,Bilma,NE,2020-04-04 18:56:35,18.69,12.92,91.49,9,0,6.11
66,Turukhansk,RU,2020-04-04 18:50:54,65.82,87.98,33.64,90,99,17.92
67,Hilo,US,2020-04-04 19:00:07,19.73,-155.09,73.99,64,90,8.32
68,Batagay,RU,2020-04-04 18:51:31,67.63,134.63,9.12,89,99,6.67
69,Barrow,US,2020-04-04 18:48:30,71.29,-156.79,10.4,85,75,10.29
70,Concepcion Del Oro,MX,2020-04-04 19:00:39,24.63,-101.42,72.48,9,0,11.99
71,Cap Malheureux,MU,2020-04-04 18:56:46,-19.98,57.61,78.8,83,75,6.93
72,Port Pirie,AU,2020-04-04 19:00:40,-33.18,138.02,51.8,87,20,8.05
73,Kabalo,CD,2020-04-04 19:00:40,-6.05,26.92,72.52,77,21,3.53
74,Constitucion,CL,2020-04-04 18:56:18,-35.33,-72.42,66.92,54,11,12.8
75,San Patricio,MX,2020-04-04 18:50:44,19.22,-104.7,80.6,65,5,11.41
76,Cidreira,BR,2020-04-04 18:50:57,-30.18,-50.21,73.15,58,23,10.98
77,Khasan,RU,2020-04-04 19:00:40,42.43,130.64,37.02,69,52,30.74
78,Lompoc,US,2020-04-04 18:47:55,34.64,-120.46,63.0,71,9,6.93
79,Saint-Georges,GD,2020-04-04 18:48:09,12.06,-61.75,84.2,79,40,14.99
80,Laguna,US,2020-04-04 18:51:29,38.42,-121.42,55.99,87,90,8.05
81,Vitoria Do Mearim,BR,2020-04-04 19:00:41,-3.46,-44.87,83.34,87,87,3.06
82,Aksu,CN,2020-04-04 18:52:45,41.12,80.26,55.76,24,57,4.99
83,Vicuna,CL,2020-04-04 19:00:41,-30.03,-70.71,64.4,72,75,8.05
84,Luau,AO,2020-04-04 18:56:33,-10.71,22.22,66.76,67,65,1.28
85,Arcachon,FR,2020-04-04 19:00:41,44.59,-1.05,66.2,36,0,9.17
86,Ancud,CL,2020-04-04 18:51:12,-41.87,-73.82,53.6,76,40,4.7
87,Dharchula,IN,2020-04-04 19:00:41,29.85,80.53,52.88,28,35,8.08
88,Nikolskoye,RU,2020-04-04 18:50:51,59.7,30.79,33.01,87,26,4.47
89,New Norfolk,AU,2020-04-04 19:00:41,-42.78,147.06,44.6,65,46,10.29
90,Grand Gaube,MU,2020-04-04 19:00:41,-20.01,57.66,78.8,83,75,6.93
91,Kapaa,US,2020-04-04 18:50:57,22.08,-159.32,75.2,88,40,5.82
92,Bambanglipuro,ID,2020-04-04 19:00:42,-7.95,110.28,78.69,84,100,4.5
93,Tuktoyaktuk,CA,2020-04-04 19:00:42,69.45,-133.04,1.4,64,20,6.93
94,Sept-Iles,CA,2020-04-04 18:47:46,50.2,-66.38,33.8,86,90,8.05
95,Airai,TL,2020-04-04 18:50:42,-8.93,125.41,61.45,66,77,1.39
96,Enshi,CN,2020-04-04 19:00:42,30.3,109.48,50.36,66,96,1.34
97,Gushikawa,JP,2020-04-04 19:00:42,26.35,127.87,66.2,93,90,3.36
98,Cairns,AU,2020-04-04 18:52:32,-16.92,145.77,75.2,88,40,1.12
99,Oum Hadjer,TD,2020-04-04 19:00:43,13.3,19.7,91.65,15,83,4.36
100,Norman Wells,CA,2020-04-04 18:50:47,65.28,-126.83,12.2,72,90,8.05
101,Hirara,JP,2020-04-04 18:52:20,24.8,125.28,67.84,81,98,21.12
102,Kiama,AU,2020-04-04 18:51:35,-34.68,150.87,57.99,58,11,11.41
103,Lakatoro,VU,2020-04-04 19:00:43,-16.1,167.42,77.0,94,90,26.4
104,Dikson,RU,2020-04-04 18:51:15,73.51,80.55,0.54,94,28,7.67
105,Inongo,CD,2020-04-04 19:00:43,-1.95,18.27,77.95,67,49,2.26
106,Vila Franca Do Campo,PT,2020-04-04 18:51:16,37.72,-25.43,62.6,82,40,21.92
107,Lucapa,AO,2020-04-04 18:52:46,-8.42,20.74,68.04,72,74,2.13
108,Lagoa,PT,2020-04-04 18:50:54,39.05,-27.98,58.98,76,39,23.02
109,Butaritari,KI,2020-04-04 18:50:52,3.07,172.79,82.6,80,65,9.57
110,Lorengau,PG,2020-04-04 18:51:12,-2.02,147.27,81.32,79,69,4.81
111,Korla,CN,2020-04-04 18:51:04,41.76,86.15,53.71,27,50,3.56
112,Tokur,RU,2020-04-04 19:00:44,53.13,132.9,6.03,87,1,2.3
113,Komsomolskiy,UZ,2020-04-04 18:51:13,40.43,71.72,60.8,44,98,6.93
114,Goderich,CA,2020-04-04 18:50:59,43.75,-81.72,55.99,74,13,7.0
115,Cape Town,ZA,2020-04-04 19:00:44,-33.93,18.42,64.99,87,98,4.7
116,Bathsheba,BB,2020-04-04 18:50:45,13.22,-59.52,86.0,66,40,13.87
117,Gondanglegi,ID,2020-04-04 19:00:44,-7.75,112.01,75.94,89,100,1.63
118,Warrington,GB,2020-04-04 19:00:44,53.39,-2.58,55.99,58,99,13.87
119,Parrita,CR,2020-04-04 19:00:44,9.52,-84.32,89.6,45,16,12.75
120,Rocha,UY,2020-04-04 18:50:54,-34.48,-54.33,73.94,42,6,3.78
121,Kanniyakumari,IN,2020-04-04 19:00:05,8.08,77.57,83.77,70,41,3.94
122,Tasiilaq,GL,2020-04-04 19:00:45,65.61,-37.64,19.4,41,20,23.04
123,Okha,RU,2020-04-04 18:55:55,53.57,142.95,18.88,96,6,2.93
124,Yenagoa,NG,2020-04-04 18:52:46,4.92,6.26,79.0,87,100,7.34
125,Melur,IN,2020-04-04 19:00:45,10.05,78.33,82.4,61,20,5.82
126,Teguldet,RU,2020-04-04 18:52:52,57.31,88.17,28.94,96,0,4.27
127,Kodiak,US,2020-04-04 18:46:18,57.79,-152.41,50.0,25,90,11.41
128,Calvia,ES,2020-04-04 19:00:45,39.57,2.51,60.01,72,29,4.7
129,Parys,FR,2020-04-04 18:59:51,48.85,2.35,59.0,41,0,6.93
130,Portland,US,2020-04-04 18:48:02,45.52,-122.68,53.01,70,75,4.7
131,Ikot Ekpene,NG,2020-04-04 19:00:46,5.18,7.71,79.27,82,100,7.05
132,Mugur-Aksy,RU,2020-04-04 19:00:46,50.35,90.5,23.88,48,4,2.75
133,Bengkulu,ID,2020-04-04 18:51:22,-3.8,102.27,78.44,84,100,4.81
134,San,ML,2020-04-04 19:00:46,13.3,-4.9,103.03,7,1,3.69
135,Narsaq,GL,2020-04-04 18:51:33,60.92,-46.05,33.8,47,75,3.36
136,Vanimo,PG,2020-04-04 18:50:49,-2.67,141.3,78.94,84,28,7.81
137,Anchorage,US,2020-04-04 18:53:45,61.22,-149.9,36.0,80,90,4.7
138,Storslett,NO,2020-04-04 19:00:47,69.77,21.02,24.62,87,79,14.83
139,Kozan,TR,2020-04-04 19:00:47,37.46,35.82,64.0,71,71,4.7
140,Mar Del Plata,AR,2020-04-04 18:50:58,-38.0,-57.56,75.2,53,20,16.11
141,Saskylakh,RU,2020-04-04 18:51:00,71.92,114.08,1.69,91,81,13.42
142,Port Alfred,ZA,2020-04-04 18:50:55,-33.59,26.89,72.0,78,2,4.0
143,Oranjemund,NA,2020-04-04 18:51:10,-28.55,16.43,63.79,86,49,4.43
144,Iracoubo,GF,2020-04-04 19:00:47,5.48,-53.2,83.79,73,58,14.14
145,Qadirpur Ran,PK,2020-04-04 19:00:47,30.29,71.67,73.4,64,75,9.17
146,Jalu,LY,2020-04-04 18:50:58,29.03,21.55,67.26,43,1,20.02
147,Davydivka,UA,2020-04-04 19:00:48,48.12,25.56,41.65,56,62,2.1
148,Lakes Entrance,AU,2020-04-04 18:52:59,-37.88,147.98,51.24,62,0,17.81
149,Carnarvon,AU,2020-04-04 19:00:48,-24.87,113.63,75.2,78,97,12.75
150,Karratha,AU,2020-04-04 18:51:14,-20.74,116.85,81.01,74,76,6.38
151,Gat,IL,2020-04-04 18:56:20,31.61,34.76,77.0,33,19,2.24
152,Zaraza,VE,2020-04-04 19:00:48,9.35,-65.32,101.07,28,98,7.02
153,Ratnagiri,IN,2020-04-04 19:00:48,16.98,73.3,77.38,82,0,4.27
154,Straumen,NO,2020-04-04 19:00:48,63.87,11.3,32.0,92,75,18.34
155,Chota,PE,2020-04-04 19:00:48,-6.55,-78.65,69.8,46,75,9.17
156,Clyde River,CA,2020-04-04 18:56:11,70.47,-68.59,10.4,72,20,28.86
157,Palmer,US,2020-04-04 18:51:00,42.16,-72.33,55.99,54,75,5.26
158,Severo-Kurilsk,RU,2020-04-04 19:00:49,50.68,156.12,26.11,91,17,13.02
159,Sao Filipe,CV,2020-04-04 19:00:49,14.9,-24.5,74.35,74,0,19.86
160,Gornyy,RU,2020-04-04 19:00:49,55.12,83.91,29.26,95,1,8.97
161,Ust-Maya,RU,2020-04-04 19:00:49,60.42,134.53,12.52,93,99,6.42
162,Kavieng,PG,2020-04-04 18:51:08,-2.57,150.8,80.26,76,99,1.61
163,Mount Isa,AU,2020-04-04 18:51:26,-20.73,139.5,68.0,32,0,12.75
164,Namatanai,PG,2020-04-04 19:00:49,-3.67,152.43,78.69,81,100,6.8
165,Yeppoon,AU,2020-04-04 19:00:49,-23.13,150.73,75.2,83,90,3.36
166,Barra Patuca,HN,2020-04-04 19:00:50,15.8,-84.28,82.27,64,23,8.34
167,Victoria,HK,2020-04-04 18:58:17,22.29,114.16,68.0,88,40,8.05
168,Freistadt,AT,2020-04-04 19:00:50,48.51,14.5,51.01,67,78,4.7
169,Lazaro Cardenas,MX,2020-04-04 18:56:43,17.96,-102.2,86.4,45,0,8.1
170,Carutapera,BR,2020-04-04 18:56:47,-1.2,-46.02,83.75,77,83,8.86
171,Salekhard,RU,2020-04-04 19:00:50,66.53,66.6,34.54,88,92,14.65
172,Cotonou,BJ,2020-04-04 19:00:50,6.37,2.42,84.2,79,40,10.29
173,Pacific Grove,US,2020-04-04 18:52:00,36.62,-121.92,57.99,62,90,4.7
174,Antofagasta,CL,2020-04-04 19:00:50,-23.65,-70.4,72.0,60,40,12.75
175,Utena,LT,2020-04-04 19:00:50,55.5,25.6,36.64,74,62,10.87
176,Babu,CN,2020-04-04 18:56:06,24.42,111.52,57.88,86,100,2.95
177,Broken Hill,AU,2020-04-04 19:00:51,-31.95,141.43,53.6,71,2,4.7
178,Kaitangata,NZ,2020-04-04 19:00:51,-46.28,169.85,54.0,89,76,1.99
179,Tuatapere,NZ,2020-04-04 18:56:24,-46.13,167.68,50.0,86,67,4.0
180,Longyearbyen,SJ,2020-04-04 18:47:01,78.22,15.64,3.2,71,20,6.93
181,Nanortalik,GL,2020-04-04 18:51:34,60.14,-45.24,31.05,89,100,8.5
182,Verkhnyaya Inta,RU,2020-04-04 19:00:51,65.98,60.31,33.33,90,65,17.31
183,Morondava,MG,2020-04-04 19:00:51,-20.28,44.28,79.86,79,10,4.21
184,Rehoboth,NA,2020-04-04 19:00:51,-23.32,17.08,76.96,20,35,3.62
185,Suntar,RU,2020-04-04 18:51:02,62.14,117.63,17.56,92,97,12.5
186,Matias Barbosa,BR,2020-04-04 19:00:52,-21.87,-43.32,73.0,73,24,5.14
187,Glendive,US,2020-04-04 18:58:15,47.11,-104.71,44.01,55,1,6.93
188,Treinta Y Tres,UY,2020-04-04 18:51:04,-33.23,-54.38,74.86,44,2,6.96
189,Mackay,AU,2020-04-04 18:51:40,-21.15,149.2,75.0,94,40,3.36
190,Brae,GB,2020-04-04 18:51:37,60.4,-1.35,44.6,93,100,14.99
191,Vostok,RU,2020-04-04 18:50:56,46.49,135.88,23.58,92,99,8.25
192,Iqaluit,CA,2020-04-04 18:50:59,63.75,-68.51,-0.4,70,5,25.28
193,Ulverstone,AU,2020-04-04 19:00:52,-41.15,146.17,45.0,88,99,11.79
194,Acarau,BR,2020-04-04 18:51:18,-2.89,-40.12,83.26,82,100,8.95
195,Esperance,AU,2020-04-04 18:50:52,-33.87,121.9,51.8,87,32,5.82
196,Sijunjung,ID,2020-04-04 19:00:52,-0.69,100.95,75.31,82,100,1.68
197,Roebourne,AU,2020-04-04 18:55:53,-20.78,117.13,80.67,75,74,5.32
198,Kanigiri,IN,2020-04-04 19:00:53,15.4,79.52,77.22,82,0,8.59
199,Zhangye,CN,2020-04-04 18:52:21,38.93,100.45,46.6,26,67,2.42
200,Caravelas,BR,2020-04-04 18:51:04,-17.71,-39.25,81.23,79,60,19.19
201,Tondon,GN,2020-04-04 19:00:53,10.37,-13.35,93.51,36,3,10.29
202,Krasnoselkup,RU,2020-04-04 18:51:25,65.7,82.47,34.18,90,98,24.85
203,Leningradskiy,RU,2020-04-04 18:50:53,69.38,178.42,-2.85,88,95,15.64
204,Comodoro Rivadavia,AR,2020-04-04 19:00:01,-45.87,-67.5,64.4,27,0,25.28
205,Asha,RU,2020-04-04 19:00:53,55.0,57.27,35.91,89,100,1.32
206,Pevek,RU,2020-04-04 19:00:53,69.7,170.31,-4.94,92,100,8.95
207,Qaanaaq,GL,2020-04-04 19:00:53,77.48,-69.36,11.7,81,87,6.67
208,San Policarpo,PH,2020-04-04 19:00:54,12.18,125.51,79.99,81,3,11.59
209,Saldanha,ZA,2020-04-04 18:51:07,-33.01,17.94,64.4,77,100,3.36
210,La Ronge,CA,2020-04-04 18:51:22,55.1,-105.28,17.6,40,5,5.82
211,Black River,JM,2020-04-04 19:00:54,18.03,-77.85,86.0,66,20,17.22
212,Alugan,PH,2020-04-04 18:56:29,12.22,125.48,79.72,81,4,11.56
213,Sevierville,US,2020-04-04 18:57:59,35.87,-83.56,77.0,27,1,6.93
214,Provideniya,RU,2020-04-04 19:00:54,64.38,-173.3,15.33,94,100,16.31
215,Gazli,UZ,2020-04-04 19:00:54,40.13,63.45,65.48,48,55,11.32
216,Awjilah,LY,2020-04-04 19:00:54,29.11,21.29,66.63,45,0,20.18
217,Vieste,IT,2020-04-04 19:00:54,41.88,16.18,57.99,47,75,13.87
218,Baymak,RU,2020-04-04 19:00:55,52.59,58.32,34.92,83,98,4.5
219,Mount Gambier,AU,2020-04-04 18:51:19,-37.83,140.77,53.6,93,75,19.46
220,Husavik,IS,2020-04-04 18:52:13,66.04,-17.34,19.4,85,90,38.03
221,Kieta,PG,2020-04-04 18:51:35,-6.22,155.63,78.04,78,84,4.81
222,Klaksvik,FO,2020-04-04 19:00:55,62.23,-6.59,39.2,93,100,24.16
223,Cockburn Town,TC,2020-04-04 18:54:50,21.46,-71.14,75.09,57,4,6.82
224,Binangonan,PH,2020-04-04 19:00:55,14.47,121.18,80.01,74,20,5.82
225,Brigantine,US,2020-04-04 19:00:55,39.41,-74.36,57.0,66,90,8.05
226,Broome,US,2020-04-04 18:51:18,42.25,-75.83,55.0,71,90,4.7
227,Borogontsy,RU,2020-04-04 19:00:56,62.67,131.17,19.98,96,100,9.37
228,Porto Novo,BJ,2020-04-04 18:52:24,6.5,2.6,84.2,79,40,10.29
229,Carbonia,IT,2020-04-04 19:00:56,39.17,8.52,57.2,76,0,6.93
230,Margate,GB,2020-04-04 18:56:37,51.38,1.39,55.0,81,13,10.29
231,Puerto Baquerizo Moreno,EC,2020-04-04 18:52:56,-0.9,-89.6,80.6,94,75,5.82
232,Bambous Virieux,MU,2020-04-04 18:48:43,-20.34,57.76,78.8,83,75,6.93
233,Balurghat,IN,2020-04-04 19:00:56,25.22,88.77,76.46,17,0,2.26
234,Kapoeta,SS,2020-04-04 19:00:56,4.77,33.59,86.83,35,86,8.14
235,Pringsewu,ID,2020-04-04 19:00:56,-5.36,104.97,76.19,89,100,1.25
236,Port Hardy,CA,2020-04-04 18:51:32,50.7,-127.42,39.2,69,90,5.82
237,Dubbo,AU,2020-04-04 19:00:56,-32.25,148.62,50.0,93,0,4.41
238,Nanyuki,KE,2020-04-04 19:00:57,0.02,37.07,60.4,49,78,4.61
239,Sola,VU,2020-04-04 19:00:57,-13.88,167.55,77.0,100,90,28.86
240,Inyonga,TZ,2020-04-04 19:00:57,-6.72,32.07,66.24,67,35,2.46
241,Kumluca,TR,2020-04-04 18:56:37,36.37,30.29,61.68,50,100,8.88
242,Valparaiso,CL,2020-04-04 18:49:21,-33.04,-71.63,60.8,100,40,5.82
243,Avera,US,2020-04-04 18:56:41,33.19,-82.53,78.8,31,1,5.82
244,Kariba,ZW,2020-04-04 19:00:57,-16.52,28.8,71.58,60,31,4.18
245,San Quintin,MX,2020-04-04 18:49:50,30.48,-115.95,62.29,61,37,12.62
246,Beloha,MG,2020-04-04 18:56:08,-25.17,45.05,70.05,74,69,17.69
247,Sale,MA,2020-04-04 18:59:05,34.04,-6.82,64.4,82,40,6.93
248,Adrar,MR,2020-04-04 18:51:30,20.5,-10.07,92.14,9,0,8.32
249,Tura,IN,2020-04-04 18:51:09,25.52,90.22,69.64,20,0,2.44
250,Faya,SA,2020-04-04 18:51:15,18.39,42.45,68.0,68,5,6.93
251,Sindou,BF,2020-04-04 18:56:11,10.67,-5.17,99.79,19,79,2.53
252,Barrancas,CO,2020-04-04 19:00:58,10.96,-72.79,86.0,74,20,11.41
253,Genhe,CN,2020-04-04 19:00:58,50.78,121.52,23.59,75,0,3.42
254,Natchez,US,2020-04-04 18:57:28,31.56,-91.4,72.0,64,90,9.17
255,Georgetown,MY,2020-04-04 18:47:08,5.41,100.34,84.2,83,40,3.02
256,Mandalgovi,MN,2020-04-04 18:52:20,45.76,106.27,41.79,26,0,5.68
257,Cayenne,GF,2020-04-04 19:00:58,4.93,-52.33,87.8,62,20,16.11
258,Aksarayskiy,RU,2020-04-04 19:00:58,46.79,48.01,44.6,70,10,6.71
259,Tambacounda,SN,2020-04-04 19:00:58,13.75,-13.76,107.6,12,0,6.93
260,Moissac,FR,2020-04-04 19:00:58,44.1,1.09,64.0,39,0,3.36
261,Maneadero,MX,2020-04-04 19:00:59,31.72,-116.57,66.0,69,3,3.0
262,Talnakh,RU,2020-04-04 18:51:16,69.49,88.4,32.0,97,75,29.08
263,Namibe,AO,2020-04-04 19:00:59,-15.2,12.15,75.94,68,0,10.42
264,San Cristobal,VE,2020-04-04 18:54:07,7.77,-72.22,89.6,59,40,11.41
265,Aleppo,SY,2020-04-04 19:00:59,36.25,37.5,58.24,38,10,6.76
266,Mana,GF,2020-04-04 19:00:59,5.66,-53.78,85.06,69,64,11.9
267,Santiago Del Estero,AR,2020-04-04 19:00:07,-27.8,-64.26,78.4,38,0,11.36
268,Tazmalt,DZ,2020-04-04 19:00:59,36.39,4.4,54.73,58,4,4.94
269,Maldonado,UY,2020-04-04 18:52:37,-34.67,-54.92,73.4,64,20,4.7
270,Meulaboh,ID,2020-04-04 19:01:00,4.14,96.13,78.17,89,100,11.83
271,Corn Island,NI,2020-04-04 19:01:00,12.17,-83.04,80.92,65,22,7.38
272,Puerto Ayora,EC,2020-04-04 19:01:00,-0.74,-90.35,84.2,70,20,11.41
273,Padang,ID,2020-04-04 18:58:33,-0.95,100.35,78.58,81,100,4.0
274,Olinda,BR,2020-04-04 18:51:38,-8.01,-34.86,86.0,74,75,9.17
275,Pareora,NZ,2020-04-04 19:01:00,-44.49,171.21,55.0,97,93,10.22
276,Sidi Ali,DZ,2020-04-04 19:01:00,36.1,0.42,62.28,55,83,14.09
277,Erzin,TR,2020-04-04 18:52:43,36.96,36.2,64.0,67,40,5.82
278,Acapulco,MX,2020-04-04 18:47:33,16.86,-99.89,84.2,66,5,8.05
279,Spas-Demensk,RU,2020-04-04 19:01:01,54.41,34.02,35.1,75,35,4.5
280,Taltal,CL,2020-04-04 19:01:01,-25.4,-70.48,70.34,62,21,6.38
281,Buala,SB,2020-04-04 18:51:39,-8.14,159.59,81.07,77,88,15.37
282,Sabha,LY,2020-04-04 19:01:01,27.04,14.43,73.02,17,0,8.52
283,Batagay-Alyta,RU,2020-04-04 18:51:39,67.8,130.41,8.71,85,99,1.19
284,Coronado,US,2020-04-04 18:57:05,32.69,-117.18,64.99,59,75,9.17
285,Lebu,CL,2020-04-04 19:01:01,-37.62,-73.65,60.22,51,1,20.36
286,Daru,PG,2020-04-04 18:56:48,-9.08,143.21,78.6,82,0,5.68
287,Waw,SS,2020-04-04 19:01:01,7.7,28.0,84.13,44,46,5.01
288,Khatanga,RU,2020-04-04 19:01:02,71.97,102.5,10.96,96,74,11.12
289,Cherskiy,RU,2020-04-04 19:01:02,68.75,161.3,-12.01,90,100,4.72
290,Chlorakas,CY,2020-04-04 19:01:02,34.8,32.41,68.0,28,95,11.41
291,Chone,EC,2020-04-04 19:01:02,-0.68,-80.1,87.76,60,63,2.48
292,Thompson,CA,2020-04-04 18:56:50,55.74,-97.86,19.4,79,90,11.41
293,Abong Mbang,CM,2020-04-04 19:01:02,3.98,13.18,73.4,71,94,2.19
294,Fier,AL,2020-04-04 19:01:02,40.72,19.56,56.48,61,91,11.05
295,Dali,CN,2020-04-04 19:01:02,25.7,100.18,47.73,47,6,3.02
296,Port-Gentil,GA,2020-04-04 18:51:13,-0.72,8.78,76.08,85,100,7.49
297,Waltershausen,DE,2020-04-04 19:01:03,50.9,10.57,48.0,56,7,4.7
298,Khudumelapye,BW,2020-04-04 19:01:03,-23.88,24.75,68.2,33,76,4.68
299,Mitha Tiwana,PK,2020-04-04 19:01:03,32.25,72.11,74.21,37,86,9.15
300,Mayo,US,2020-04-04 18:47:49,38.89,-76.51,59.0,62,90,5.82
301,Taoudenni,ML,2020-04-04 18:56:23,22.68,-3.98,95.05,9,0,8.43
302,Luderitz,NA,2020-04-04 19:01:03,-26.65,15.16,60.8,82,23,8.05
303,Boa Vista,BR,2020-04-04 18:59:20,2.82,-60.67,91.4,46,75,10.29
304,Ngunguru,NZ,2020-04-04 18:51:09,-35.62,174.5,61.0,80,32,5.01
305,Ilulissat,GL,2020-04-04 19:01:04,69.22,-51.1,12.2,56,5,10.29
306,Ponta Do Sol,PT,2020-04-04 19:01:04,32.67,-17.1,68.0,72,20,20.8
307,Pisco,PE,2020-04-04 19:01:04,-13.7,-76.22,75.99,30,12,9.17
308,Sembakung,ID,2020-04-04 19:01:04,3.82,117.25,75.76,92,31,1.36
309,Mapiri,BO,2020-04-04 19:01:04,-15.25,-68.17,84.42,42,69,3.65
310,Pelotas,BR,2020-04-04 18:50:25,-31.77,-52.34,80.6,34,20,9.17
311,Coihaique,CL,2020-04-04 18:51:06,-45.58,-72.07,50.0,66,90,9.17
312,Altay,CN,2020-04-04 19:01:04,47.87,88.12,39.65,38,62,8.43
313,Virden,US,2020-04-04 19:01:05,39.5,-89.77,41.0,80,90,9.17
314,Sao Joao Da Barra,BR,2020-04-04 18:51:27,-21.64,-41.05,82.4,58,77,10.29
315,Moshkovo,RU,2020-04-04 19:01:05,55.31,83.61,28.4,74,1,2.24
316,Paamiut,GL,2020-04-04 19:01:05,61.99,-49.67,22.93,87,66,4.09
317,Teahupoo,PF,2020-04-04 19:01:05,-17.83,-149.27,86.0,62,21,8.05
318,Fare,PF,2020-04-04 19:01:05,-16.7,-151.02,83.97,70,36,8.16
319,Worland,US,2020-04-04 19:01:05,44.02,-107.96,48.0,36,1,5.19
320,Aginskoye,RU,2020-04-04 19:01:06,51.1,114.53,38.26,54,68,5.91
321,Ponta Delgada,PT,2020-04-04 18:49:31,37.73,-25.67,62.6,82,40,21.92
322,Santa Marta De Tormes,ES,2020-04-04 19:01:06,40.95,-5.63,61.0,47,100,10.29
323,Asau,RO,2020-04-04 18:51:17,46.43,26.4,46.4,52,88,8.05
324,Kismayo,SO,2020-04-04 18:55:58,-0.36,42.55,84.18,70,45,10.78
325,Erdenet,MN,2020-04-04 19:01:06,49.03,104.08,38.37,39,41,10.54
326,Buta,CD,2020-04-04 18:56:17,2.79,24.73,76.87,69,62,0.36
327,Novo Aripuana,BR,2020-04-04 19:01:06,-5.12,-60.38,88.21,63,96,4.54
328,Lujan,AR,2020-04-04 19:00:03,-34.57,-59.1,80.01,50,1,9.17
329,Nuuk,GL,2020-04-04 18:55:15,64.18,-51.72,24.8,53,5,19.46
330,Sabang,ID,2020-04-04 19:01:06,5.89,95.32,83.52,75,74,8.77
331,Bodden Town,KY,2020-04-04 18:56:22,19.28,-81.25,84.2,66,20,4.7
332,Makakilo City,US,2020-04-04 19:01:07,21.35,-158.09,80.6,100,90,3.36
333,Kamenka,RU,2020-04-04 18:52:21,51.32,42.77,48.0,44,52,3.0
334,Alyangula,AU,2020-04-04 19:01:07,-13.85,136.42,75.2,94,1,7.43
335,Sibu,MY,2020-04-04 19:01:07,2.3,111.82,78.8,94,75,1.79
336,Santo Domingo,DO,2020-04-04 19:01:07,18.5,-69.99,93.2,52,40,9.17
337,Abeche,TD,2020-04-04 19:01:07,13.83,20.83,85.71,12,100,3.18
338,Tongliao,CN,2020-04-04 18:55:57,43.61,122.27,30.85,58,0,4.21
339,Santa Cruz,BO,2020-04-04 18:47:42,-17.8,-63.17,86.0,51,75,16.11
340,Malindi,KE,2020-04-04 19:01:08,-3.22,40.12,84.2,83,20,8.05
341,Dawlatabad,AF,2020-04-04 19:01:08,36.41,64.91,65.89,48,97,4.79
342,Itaituba,BR,2020-04-04 18:55:06,-4.28,-55.98,91.4,59,40,4.7
343,Sorland,NO,2020-04-04 18:51:12,67.67,12.69,27.52,87,97,22.15
344,Kahului,US,2020-04-04 18:46:26,20.89,-156.47,78.01,69,1,3.36
345,Slavyanka,RU,2020-04-04 19:01:08,42.86,131.38,35.44,79,60,17.85
346,Mazatlan,MX,2020-04-04 19:00:40,23.22,-106.42,80.6,57,75,5.82
347,Kutum,SD,2020-04-04 18:53:00,14.2,24.67,78.35,11,33,5.44
348,Boueni,YT,2020-04-04 18:51:22,-12.9,45.08,80.6,78,22,3.36
349,Usinsk,RU,2020-04-04 19:01:08,65.99,57.53,30.45,97,77,16.17
350,Mecca,SA,2020-04-04 19:00:10,21.43,39.83,81.84,37,0,3.2
351,Yerofey Pavlovich,RU,2020-04-04 19:01:09,53.97,121.97,18.5,89,88,2.01
352,Pabrade,LT,2020-04-04 19:01:09,55.0,25.78,39.2,48,53,10.29
353,Fort Oglethorpe,US,2020-04-04 19:01:09,34.95,-85.26,78.01,27,75,5.82
354,Kimbe,PG,2020-04-04 18:51:23,-5.55,150.14,74.43,91,78,2.01
355,Aklavik,CA,2020-04-04 18:51:21,68.22,-135.01,14.0,60,5,5.82
356,Nome,US,2020-04-04 19:01:09,64.5,-165.41,33.8,100,90,14.99
357,Verkhnevilyuysk,RU,2020-04-04 18:56:31,63.45,120.32,15.44,93,94,14.32
358,Hobyo,SO,2020-04-04 18:56:33,5.35,48.53,83.53,72,59,17.13
359,Oblivskaya,RU,2020-04-04 19:01:10,48.54,42.5,49.33,49,13,6.58
360,Maniitsoq,GL,2020-04-04 19:01:10,65.42,-52.9,27.88,81,0,15.97
361,Poum,NC,2020-04-04 18:55:54,-20.23,164.02,79.3,83,100,20.89
362,Takab,IR,2020-04-04 19:01:10,36.4,47.11,40.46,43,19,5.39
363,Namuac,PH,2020-04-04 19:01:10,18.61,121.17,77.2,81,27,9.31
364,Kunagota,HU,2020-04-04 19:01:10,46.43,21.05,57.2,30,0,14.99
365,Hilliard,US,2020-04-04 18:58:59,40.03,-83.16,69.01,34,20,4.52
366,Mporokoso,ZM,2020-04-04 19:01:10,-9.37,30.12,62.58,63,24,3.89
367,Touros,BR,2020-04-04 19:01:10,-5.2,-35.46,86.0,74,40,12.75
368,Walvis Bay,NA,2020-04-04 18:53:14,-22.96,14.51,62.01,87,0,6.93
369,Sawtell,AU,2020-04-04 19:01:11,-30.38,153.1,62.6,82,0,5.82
370,Talas,TR,2020-04-04 19:01:11,38.69,35.55,48.2,70,75,6.93
371,Muzhi,RU,2020-04-04 19:01:11,65.37,64.67,36.12,83,64,17.13
372,Baykalsk,RU,2020-04-04 19:01:11,51.51,104.15,34.38,73,100,2.77
373,Asosa,ET,2020-04-04 18:56:09,10.07,34.53,79.52,16,63,3.58
374,Rantauprapat,ID,2020-04-04 19:01:11,2.1,99.83,75.76,90,98,1.72
375,Fredericton,CA,2020-04-04 19:00:34,45.95,-66.67,43.0,64,40,9.17
376,Udachnyy,RU,2020-04-04 18:52:36,66.42,112.4,8.6,60,63,6.71
377,Hoquiam,US,2020-04-04 19:01:11,46.98,-123.89,48.0,65,1,6.93
378,Progreso,MX,2020-04-04 19:01:12,21.28,-89.67,100.0,32,40,16.11
379,Griffith,US,2020-04-04 18:58:33,41.53,-87.42,44.6,86,90,11.41
380,Yarim,YE,2020-04-04 19:01:12,14.3,44.38,60.3,34,23,3.56
381,Pakxan,LA,2020-04-04 19:01:12,18.38,103.66,76.87,74,20,4.14
382,Barcelona,ES,2020-04-04 18:54:31,41.39,2.16,59.0,82,0,8.05
383,Srednekolymsk,RU,2020-04-04 19:01:12,67.45,153.68,-9.56,90,38,3.38
384,Luan,CH,2020-04-04 19:01:12,46.36,6.98,57.2,54,0,8.05
385,Bozhou,CN,2020-04-04 19:01:12,33.88,115.77,46.24,67,88,9.37
386,Mitzic,GA,2020-04-04 19:01:13,0.78,11.55,68.56,84,100,0.6
387,Ribeira Grande,PT,2020-04-04 19:01:13,38.52,-28.7,60.8,77,20,19.46
388,Japura,ID,2020-04-04 19:01:13,-0.32,102.35,75.7,96,85,1.61
389,Storforshei,NO,2020-04-04 19:01:13,66.4,14.52,18.16,89,95,3.98
390,Gerash,IR,2020-04-04 19:01:13,27.67,54.14,71.6,46,25,3.11
391,Wanaka,NZ,2020-04-04 19:01:13,-44.7,169.15,48.07,63,47,6.67
392,Lagos,NG,2020-04-04 18:57:20,6.58,3.75,84.2,79,75,10.29
393,Syasstroy,RU,2020-04-04 19:01:13,60.14,32.57,32.95,87,48,9.86
394,Longkou,CN,2020-04-04 18:52:30,37.65,120.33,39.16,67,0,5.17
395,Port Hawkesbury,CA,2020-04-04 19:01:13,45.62,-61.35,37.0,74,90,6.93
396,Qaqortoq,GL,2020-04-04 19:01:13,60.72,-46.03,33.8,47,75,3.36
397,Acari,PE,2020-04-04 19:01:14,-15.43,-74.62,80.91,49,53,8.84
398,Deputatskiy,RU,2020-04-04 18:56:20,69.3,139.9,-2.65,83,100,2.75
399,Sambava,MG,2020-04-04 18:56:01,-14.27,50.17,75.97,76,16,9.66
400,Rio Gallegos,AR,2020-04-04 18:56:20,-51.62,-69.22,53.6,40,40,38.03
401,Dakoro,NE,2020-04-04 18:51:41,14.51,6.76,94.77,9,14,4.41
402,Sioux Lookout,CA,2020-04-04 19:01:14,50.1,-91.92,24.8,53,20,9.17
403,Kawalu,ID,2020-04-04 18:56:24,-7.38,108.21,74.98,80,100,1.23
404,Doka,SD,2020-04-04 19:01:14,13.52,35.77,88.0,10,34,7.11
405,Nkhata Bay,MW,2020-04-04 18:52:26,-11.61,34.29,74.82,62,1,3.89
406,Zhanaozen,KZ,2020-04-04 18:58:17,43.3,52.8,51.89,48,69,11.12
407,Forbes,AU,2020-04-04 19:01:15,-33.38,148.02,52.0,86,2,7.02
408,Bhatkal,IN,2020-04-04 19:01:15,13.97,74.57,80.28,79,22,3.13
409,Iralaya,HN,2020-04-04 19:01:15,15.0,-83.23,87.8,45,40,3.36
410,Dingle,PH,2020-04-04 19:01:15,11.0,122.67,77.49,81,2,9.6
411,Saint-Augustin,CA,2020-04-04 19:01:15,51.23,-58.65,29.88,93,100,2.28
412,Sisimiut,GL,2020-04-04 18:56:42,66.94,-53.67,22.08,83,0,11.74
413,Kedrovyy,RU,2020-04-04 19:01:15,56.17,91.82,24.8,73,3,2.24
414,Bin Qirdan,TN,2020-04-04 19:01:16,33.14,11.22,61.52,58,0,8.3
415,West Lorne,CA,2020-04-04 19:01:16,42.6,-81.6,57.99,58,1,9.17
416,Kruisfontein,ZA,2020-04-04 19:01:16,-34.0,24.73,70.45,55,0,8.12
417,Kuryk,KZ,2020-04-04 19:01:16,43.2,51.65,52.52,62,92,12.66
418,Tukrah,LY,2020-04-04 19:01:16,32.53,20.58,61.32,81,43,24.32
419,Maningrida,AU,2020-04-04 19:01:16,-12.07,134.27,79.92,82,98,1.7
420,Awbari,LY,2020-04-04 18:56:38,26.59,12.78,71.28,18,0,7.76
421,Bosaso,SO,2020-04-04 19:01:16,11.28,49.18,82.9,64,5,4.72
422,Castanheira De Pera,PT,2020-04-04 19:01:16,40.01,-8.21,64.99,63,40,13.87
423,Palauig,PH,2020-04-04 18:56:41,15.44,119.9,79.57,74,0,2.75
424,Pochutla,MX,2020-04-04 19:01:17,15.74,-96.47,91.99,28,75,4.7
425,Fomboni,KM,2020-04-04 19:01:17,-12.28,43.74,83.57,69,9,8.14
426,Mahebourg,MU,2020-04-04 19:01:17,-20.41,57.7,78.8,83,75,6.93
427,Fayaoue,NC,2020-04-04 19:01:17,-20.65,166.53,79.63,82,100,25.75
428,Dzaoudzi,YT,2020-04-04 19:01:17,-12.79,45.27,80.6,78,9,3.36
429,Salinas,US,2020-04-04 19:01:17,36.68,-121.66,59.0,66,90,5.82
430,Ankpa,NG,2020-04-04 19:01:17,7.37,7.63,83.61,64,89,9.28
431,San Miguel,SV,2020-04-04 19:00:09,13.48,-88.18,98.56,36,18,3.53
432,Cascais,PT,2020-04-04 19:01:17,38.7,-9.42,64.4,68,20,17.22
433,Aden,YE,2020-04-04 18:56:36,12.78,45.04,80.69,78,2,13.85
434,Hay River,CA,2020-04-04 19:01:18,60.82,-115.8,-5.8,70,40,9.17
435,Virar,IN,2020-04-04 19:01:18,19.47,72.8,82.4,83,0,4.7
436,Iquitos,PE,2020-04-04 19:01:18,-3.75,-73.25,82.4,78,75,4.7
437,Masterton,NZ,2020-04-04 19:01:07,-40.96,175.66,50.0,89,6,4.03
438,Havoysund,NO,2020-04-04 18:52:44,71.0,24.66,21.2,92,24,10.29
439,Praia Da Vitoria,PT,2020-04-04 18:56:00,38.73,-27.07,64.4,88,20,26.17
440,Esso,RU,2020-04-04 19:01:18,55.93,158.7,6.03,68,42,3.89
441,Cherusti,RU,2020-04-04 19:01:18,55.55,40.01,36.95,71,66,4.27
442,Carauari,BR,2020-04-04 19:01:18,-4.88,-66.9,91.29,54,72,1.25
443,Saint-Michel-Des-Saints,CA,2020-04-04 19:01:19,46.68,-73.92,53.01,5,100,1.01
444,Javier,PH,2020-04-04 19:01:19,8.49,126.08,70.65,93,0,2.08
445,Sulangan,PH,2020-04-04 19:01:19,11.14,123.72,79.48,79,0,12.41
446,Plettenberg Bay,ZA,2020-04-04 19:01:19,-34.05,23.37,69.94,61,21,6.98
447,Shu,KZ,2020-04-04 19:01:19,43.6,73.76,57.0,64,30,5.01
448,Caxias,PT,2020-04-04 19:01:19,38.7,-9.28,64.4,68,20,17.22
449,Nouakchott,MR,2020-04-04 19:01:19,18.09,-15.98,71.55,64,0,21.23
450,Katsuura,JP,2020-04-04 18:51:26,35.13,140.3,59.0,66,20,5.82
451,Naze,JP,2020-04-04 18:56:29,28.37,129.48,64.4,59,19,14.99
452,Najran,SA,2020-04-04 18:51:31,17.49,44.13,86.0,28,40,9.17
453,Panalingaan,PH,2020-04-04 18:52:49,8.78,117.42,81.82,76,0,7.83
454,Guerrero Negro,MX,2020-04-04 19:01:20,27.98,-114.06,63.52,58,92,14.76
455,Bubaque,GW,2020-04-04 18:51:21,11.28,-15.83,80.51,70,15,14.29
456,Axim,GH,2020-04-04 19:01:20,4.87,-2.24,83.21,77,100,7.47
457,Mayumba,GA,2020-04-04 18:56:32,-3.43,10.66,78.66,87,100,14.36
458,Kununurra,AU,2020-04-04 19:01:20,-15.77,128.73,80.6,88,0,2.71
459,Rorvik,NO,2020-04-04 19:01:20,64.86,11.24,31.26,87,93,18.7
460,Kousseri,CM,2020-04-04 19:01:21,12.08,15.03,98.6,25,87,6.6
461,Albox,ES,2020-04-04 19:01:21,37.39,-2.15,62.6,59,75,19.46
462,Tocopilla,CL,2020-04-04 18:52:23,-22.09,-70.2,84.04,36,37,4.56
463,Pascagoula,US,2020-04-04 19:01:21,30.37,-88.56,78.8,44,1,6.93
464,Kandrian,PG,2020-04-04 19:01:21,-6.22,149.55,78.22,83,95,8.61
465,Chokurdakh,RU,2020-04-04 19:01:21,70.63,147.92,-7.42,88,1,8.95
466,Honningsvag,NO,2020-04-04 18:51:41,70.98,25.97,29.91,86,40,25.61
467,Paita,PE,2020-04-04 18:56:15,-5.09,-81.11,62.6,100,46,11.41
468,Goundam,ML,2020-04-04 19:01:21,16.41,-3.67,99.34,8,3,6.73
469,Puerto Ayacucho,VE,2020-04-04 19:01:21,5.66,-67.62,91.4,49,75,6.93
470,Kongolo,CD,2020-04-04 19:01:22,-5.38,27.0,71.58,81,53,1.97
471,Jiexiu,CN,2020-04-04 19:01:22,37.02,111.91,50.54,33,80,3.11
472,Flin Flon,CA,2020-04-04 19:01:22,54.77,-101.86,17.6,44,20,10.29
473,Domoni,KM,2020-04-04 19:01:22,-12.26,44.53,82.9,73,24,9.93
474,Kibondo,TZ,2020-04-04 19:01:22,-3.59,30.72,63.21,66,70,1.19
475,Bella Union,UY,2020-04-04 19:01:22,-30.28,-57.6,78.06,38,0,3.6
476,Kaifeng,CN,2020-04-04 19:01:22,34.79,114.35,51.8,57,74,4.47
477,Mbale,UG,2020-04-04 19:01:22,1.08,34.17,71.76,46,50,0.38
478,Thinadhoo,MV,2020-04-04 19:01:23,0.53,72.93,83.95,73,96,11.05
479,Calipan,MX,2020-04-04 19:01:23,18.3,-97.17,89.78,24,89,0.81
480,Lata,PT,2020-04-04 19:01:23,40.16,-8.33,64.99,63,40,13.87
481,Bac Lieu,VN,2020-04-04 19:01:23,9.29,105.72,80.85,76,34,14.09
482,Muhos,FI,2020-04-04 19:01:23,64.81,25.99,28.4,74,11,5.82
483,Bandarbeyla,SO,2020-04-04 18:56:21,9.49,50.81,80.96,67,51,10.96
484,Madimba,TZ,2020-04-04 18:52:17,-10.4,40.33,78.8,83,20,5.82
485,Hambantota,LK,2020-04-04 19:01:23,6.12,81.12,77.0,100,20,2.24
486,Lavrentiya,RU,2020-04-04 19:01:23,65.58,-171.0,13.48,95,100,7.61
487,Salym,RU,2020-04-04 18:51:24,60.06,71.48,35.42,84,100,12.1
488,Tessalit,ML,2020-04-04 18:56:04,20.2,1.01,92.44,8,1,8.61
489,Fortuna,US,2020-04-04 19:01:24,40.6,-124.16,52.0,93,75,12.75
490,Zabaykalsk,RU,2020-04-04 19:01:24,49.63,117.32,28.56,60,52,6.67
491,Algiers,DZ,2020-04-04 18:57:03,36.75,3.04,59.0,72,0,16.11
492,Anadyr,RU,2020-04-04 18:51:28,64.75,177.48,5.0,84,40,8.95
493,Banjar,ID,2020-04-04 18:56:05,-8.19,114.97,82.4,100,40,5.82
494,Westport,US,2020-04-04 18:52:42,41.14,-73.36,60.01,54,1,13.87
495,Cabo San Lucas,MX,2020-04-04 18:58:20,22.89,-109.91,86.0,31,75,5.82
496,Altar,MX,2020-04-04 19:01:24,30.7,-111.82,80.01,18,16,1.01
497,Nybro,SE,2020-04-04 19:01:25,56.74,15.91,42.8,48,63,6.93
498,Raudeberg,NO,2020-04-04 18:52:41,61.99,5.14,39.2,64,100,16.11
499,Noginsk,RU,2020-04-04 19:01:25,55.87,38.44,41.0,51,22,2.24
500,Kiruna,SE,2020-04-04 19:01:25,67.86,20.23,15.8,66,74,6.93
501,Sungairaya,ID,2020-04-04 19:01:25,0.7,108.9,79.14,87,83,4.61
502,Ixtapa,MX,2020-04-04 19:01:25,20.7,-105.2,82.4,58,5,5.82
503,Nyagan,RU,2020-04-04 19:01:25,62.14,65.39,35.62,92,93,10.92
504,Kyren,RU,2020-04-04 19:01:25,51.68,102.14,33.75,62,92,3.96
505,Bilibino,RU,2020-04-04 19:01:25,68.05,166.44,-12.86,83,99,1.63
506,Estancia,BR,2020-04-04 18:57:58,-11.27,-37.44,87.8,66,40,14.99
507,Santa Isabel,BR,2020-04-04 18:56:17,-23.32,-46.22,80.6,39,0,6.93
508,Bonavista,CA,2020-04-04 18:51:31,48.65,-53.11,30.99,85,83,7.0
509,Marsaxlokk,MT,2020-04-04 19:01:26,35.84,14.54,57.99,76,20,16.11
510,Nago,JP,2020-04-04 19:01:26,26.59,127.98,66.2,93,90,3.36
511,Hastings,GB,2020-04-04 18:57:14,50.86,0.57,55.99,87,3,13.87
512,Oriximina,BR,2020-04-04 18:51:42,-1.77,-55.87,87.93,63,94,3.04
513,Oussouye,SN,2020-04-04 19:01:26,12.48,-16.55,93.2,61,14,13.87
514,Buchanan,LR,2020-04-04 18:51:27,5.88,-10.05,84.97,73,35,7.09
515,Luancheng,CN,2020-04-04 19:01:27,37.88,114.65,42.8,70,53,6.71
516,Gualeguaychu,AR,2020-04-04 19:01:27,-33.01,-58.52,81.0,42,0,8.01
517,Waldoboro,US,2020-04-04 19:01:27,44.1,-69.38,53.6,40,20,10.29
518,Souillac,MU,2020-04-04 19:01:27,-20.52,57.52,78.8,83,75,6.93
519,Ossora,RU,2020-04-04 19:01:27,59.24,163.07,2.16,84,0,5.77
520,Hinton,CA,2020-04-04 19:01:27,53.4,-117.59,25.57,70,39,1.68
521,Paranaiba,BR,2020-04-04 19:01:05,-19.68,-51.19,82.8,52,3,3.71
522,Te Anau,NZ,2020-04-04 18:49:43,-45.42,167.72,50.02,72,56,2.64
523,Blythe,US,2020-04-04 18:58:29,33.61,-114.6,75.0,25,1,12.66
524,Havre-Saint-Pierre,CA,2020-04-04 19:01:27,50.23,-63.6,30.2,80,75,4.7
525,Rawah,IQ,2020-04-04 18:56:32,34.48,41.91,65.46,33,32,4.5
526,Ahvaz,IR,2020-04-04 19:01:28,31.32,48.67,69.8,49,0,2.24
527,Krasnovishersk,RU,2020-04-04 19:01:28,60.41,57.08,36.01,88,76,8.5
528,Evensk,RU,2020-04-04 18:52:19,61.95,159.23,-1.8,81,0,5.3
529,Sharlyk,RU,2020-04-04 19:01:28,52.92,54.75,30.79,94,92,4.34
530,Berlevag,NO,2020-04-04 19:01:28,70.86,29.09,27.64,94,100,32.06
531,Kisangani,CD,2020-04-04 19:01:28,0.52,25.2,79.93,65,37,0.83
532,Bulnes,CL,2020-04-04 19:01:28,-36.74,-72.3,73.4,43,0,11.41
533,Kuybysheve,UA,2020-04-04 19:01:28,47.36,36.65,47.08,49,98,6.13
534,Shingu,JP,2020-04-04 19:01:29,33.73,135.98,50.68,74,16,6.13
535,Xining,CN,2020-04-04 18:51:42,36.62,101.77,35.69,32,99,0.43
536,Yacuiba,BO,2020-04-04 19:01:29,-22.04,-63.68,80.47,30,11,6.64
537,Loiza,PR,2020-04-04 18:58:59,18.43,-65.88,87.01,66,40,14.99
538,Owerri,NG,2020-04-04 18:59:43,5.48,7.03,79.83,82,99,7.65
539,Canico,PT,2020-04-04 19:01:29,32.63,-16.85,68.0,72,20,20.8
540,Vestmannaeyjar,IS,2020-04-04 19:01:29,63.44,-20.27,28.4,79,75,42.5
541,Kayerkan,RU,2020-04-04 19:01:29,69.35,87.76,32.0,96,75,29.08
542,Killarney,IE,2020-04-04 19:01:29,52.05,-9.52,53.6,76,40,11.41
543,Haines Junction,CA,2020-04-04 18:51:29,60.75,-137.51,23.94,83,36,2.08
544,Burnie,AU,2020-04-04 19:01:30,-41.07,145.92,44.01,95,99,3.0
545,Iwanai,JP,2020-04-04 19:01:30,42.97,140.51,33.55,89,67,5.44
546,Egvekinot,RU,2020-04-04 19:01:30,66.32,-179.17,-1.34,88,100,18.39
547,Colomi,BO,2020-04-04 19:01:30,-17.35,-65.87,84.2,32,20,8.05
548,Baoning,CN,2020-04-04 19:01:30,25.34,110.03,53.6,100,75,2.24
549,Talagang,PK,2020-04-04 19:00:19,32.93,72.42,70.84,37,71,3.58
550,Pokhara,NP,2020-04-04 19:01:30,28.23,83.98,59.72,23,42,4.05
551,Yetkul,RU,2020-04-04 19:01:30,54.82,61.59,42.8,100,40,2.24
552,Ranong,TH,2020-04-04 18:56:18,9.97,98.63,80.47,82,7,5.21
553,Canyon,US,2020-04-04 19:01:31,34.98,-101.92,57.0,27,1,6.44
554,Half Moon Bay,US,2020-04-04 19:01:31,37.46,-122.43,57.0,93,75,14.99
555,Kimberley,ZA,2020-04-04 19:01:31,-28.73,24.76,60.8,87,0,5.82
556,Campbell River,CA,2020-04-04 19:01:15,50.02,-125.24,41.0,93,90,1.92
557,Sasolburg,ZA,2020-04-04 18:57:58,-26.81,27.82,60.19,42,40,3.29
558,Yuma,US,2020-04-04 18:58:24,32.73,-114.62,78.01,27,1,3.36
559,Panjakent,TJ,2020-04-04 19:01:32,39.5,67.61,59.0,82,40,4.7
560,Mackenzie,CA,2020-04-04 19:01:32,55.3,-123.17,19.4,52,90,4.7
561,Harper,LR,2020-04-04 18:56:12,4.38,-7.72,84.79,72,31,5.99
562,Marsa Matruh,EG,2020-04-04 19:01:32,31.35,27.25,77.0,29,98,13.87
563,Talakan,RU,2020-04-04 19:01:32,50.32,130.37,27.09,93,0,3.85
564,Gimli,CA,2020-04-04 19:01:32,50.63,-96.99,18.01,91,1,5.03
565,Kallithea,GR,2020-04-04 19:01:32,37.95,23.7,55.99,76,90,17.22
566,Reconquista,AR,2020-04-04 19:01:33,-29.15,-59.65,79.25,31,21,4.81
567,Barcelos,PT,2020-04-04 19:01:33,41.54,-8.62,63.0,59,40,19.46
568,Aromashevo,RU,2020-04-04 19:01:33,56.86,68.64,36.9,86,100,13.33
569,Uricani,RO,2020-04-04 19:01:33,45.34,23.15,44.17,63,100,2.91
570,Kilindoni,TZ,2020-04-04 19:01:33,-7.91,39.67,83.73,74,1,10.65
571,Ellisras,ZA,2020-04-04 19:01:33,-23.66,27.74,70.2,42,60,3.27
572,Olga,RU,2020-04-04 18:56:25,43.74,135.29,32.0,96,94,12.33
573,Richards Bay,ZA,2020-04-04 18:52:31,-28.78,32.04,69.82,82,100,16.2
574,Dryden,CA,2020-04-04 19:01:33,49.78,-92.75,23.0,57,1,9.17
575,Aleksandrovskiy Zavod,RU,2020-04-04 19:01:34,50.92,117.94,29.55,55,53,6.06
576,Semirom,IR,2020-04-04 19:01:34,31.42,51.57,43.38,21,19,4.27
577,Curanilahue,CL,2020-04-04 19:01:34,-37.47,-73.35,68.76,23,8,9.86
578,Ponca City,US,2020-04-04 19:00:09,36.71,-97.09,39.2,74,90,10.29
579,Sechura,PE,2020-04-04 18:52:38,-5.56,-80.82,79.18,64,45,7.83
580,Wad Rawah,SD,2020-04-04 18:56:25,15.16,33.14,86.65,10,16,10.25
581,San Ignacio,BZ,2020-04-04 19:01:34,17.16,-89.07,93.2,44,7,9.17
582,Reitz,ZA,2020-04-04 19:01:34,-27.8,28.43,57.87,37,50,6.8
583,Vrangel,RU,2020-04-04 19:01:34,42.73,133.08,35.96,83,77,19.28
584,Merauke,ID,2020-04-04 19:01:35,-8.47,140.33,77.22,88,0,8.12
585,Saint-Francois,FR,2020-04-04 19:01:35,46.42,3.91,55.4,47,2,6.93
586,Damietta,EG,2020-04-04 18:57:35,31.42,31.81,69.8,73,70,11.41
587,Tautira,PF,2020-04-04 19:01:35,-17.73,-149.15,86.0,62,18,8.05
588,Gallup,US,2020-04-04 19:01:35,35.53,-108.74,59.0,22,1,17.22
589,Araouane,ML,2020-04-04 18:56:30,18.9,-3.53,95.29,8,12,6.85
590,Chegutu,ZW,2020-04-04 19:01:35,-18.13,30.14,66.16,50,78,2.17
591,Skibbereen,IE,2020-04-04 18:56:48,51.55,-9.27,48.2,93,75,19.46
592,Kyabe,TD,2020-04-04 19:01:35,9.45,18.94,93.67,23,100,1.99
593,Coahuayana,MX,2020-04-04 19:01:36,18.73,-103.68,86.0,30,5,6.93
594,Weston,US,2020-04-04 18:56:38,26.1,-80.4,87.01,48,75,9.17
595,Destin,US,2020-04-04 18:58:45,30.39,-86.5,82.99,47,1,6.93
596,Shubarshi,KZ,2020-04-04 19:01:36,48.59,57.19,43.36,81,100,15.01
597,Ghatanji,IN,2020-04-04 19:01:36,20.13,78.32,88.38,32,75,10.13
598,Inhambane,MZ,2020-04-04 18:56:26,-23.86,35.38,75.2,73,20,9.35
599,Bahia Blanca,AR,2020-04-04 18:48:11,-38.72,-62.27,69.39,44,31,12.68
